Title,Date,URL,Location
"
		Caddo GOP August Luncheon – Congressional Candidate, Former Louisiana State Senator Elbert Guillory	","
			August 2 @ 12:00 pm - 2:00 pm		",http://new.caddogop.com/events/list,Shreveport/Bossier
"
		Caddo GOP September Luncheon – U.S. Senate Candidate, State Treasurer John Kennedy	","
			September 6 @ 12:00 pm - 2:00 pm		",http://new.caddogop.com/events/list,Shreveport/Bossier
"BPCC ""Career Fair""",07-08-2016 at 10:00 am,http://www.shreveportchamber.org//calendar.php?e=1601,Shreveport/Bossier
Ribbon Cutting -The Fuller Center for Housing NWLA,07-08-2016 at 12:30 pm,http://www.shreveportchamber.org//calendar.php?e=1608,Shreveport/Bossier
Red River Hot Air Balloon Rally,Every day at 8:00 am,http://www.shreveportchamber.org//calendar.php?e=1603,Shreveport/Bossier
Red River Hot Air Balloon Rally,Every day at 8:00 am,http://www.shreveportchamber.org//calendar.php?e=1603,Shreveport/Bossier
Ribbon Cutting - Grand reopening - Raising Cane,07-15-2016 at 9:30 am,http://www.shreveportchamber.org//calendar.php?e=1609,Shreveport/Bossier
Red River Hot Air Balloon Rally,Every day at 8:00 am,http://www.shreveportchamber.org//calendar.php?e=1603,Shreveport/Bossier
Red River Hot Air Balloon Rally,Every day at 8:00 am,http://www.shreveportchamber.org//calendar.php?e=1603,Shreveport/Bossier
Red River Hot Air Balloon Rally,Every day at 8:00 am,http://www.shreveportchamber.org//calendar.php?e=1603,Shreveport/Bossier
Red River Hot Air Balloon Rally,Every day at 8:00 am,http://www.shreveportchamber.org//calendar.php?e=1603,Shreveport/Bossier
Breakfast of Champions  Hilton Shreveport - Downtown,07-19-2016 at 8:15 am,http://www.shreveportchamber.org//calendar.php?e=1594,Shreveport/Bossier
Red River Hot Air Balloon Rally,Every day at 8:00 am,http://www.shreveportchamber.org//calendar.php?e=1603,Shreveport/Bossier
"GPC Lunch & Learn ""How to do Business with the City of Shreveport""",07-20-2016 at 11:30 am,http://www.shreveportchamber.org//calendar.php?e=1606,Shreveport/Bossier
"GPC Lunch & Learn ""How to do Business with the Bossier Parish School Board""",08-03-2016 at 11:30 am,http://www.shreveportchamber.org//calendar.php?e=1607,Shreveport/Bossier
J Pat Beaird Top Businesses Awards Luncheon,09-29-2016 at 11:30 am,http://www.shreveportchamber.org//calendar.php?e=1593,Shreveport/Bossier
Breakfast of Champions - Shreveport Job Corps Center,10-04-2016 at 8:15 am,http://www.shreveportchamber.org//calendar.php?e=1560,Shreveport/Bossier
Ribbon Cutting – Poshe Salon,7 July 2016 3:30 pm Venue:  Poshe Salon,https://bossierchamber.com/events/event/ribbon-cutting-poshe-salon/,Shreveport/Bossier
Barksdale Commanders Assembly,12 July 2016 11:30 am Venue:  Hilton Garden Inn,https://bossierchamber.com/events/event/barksdale-commanders-assembly-2/,Shreveport/Bossier
Ribbon Cutting – Raising Cane’s Grand Re-opening,15 July 2016 9:30 am Venue:  Raising Cane's,https://bossierchamber.com/events/event/ribbon-cutting-raising-canes-grand-re-opening/,Shreveport/Bossier
ANECA Dance Day,30 July 2016 6:00 pm Venue:  AC Steere Park,https://bossierchamber.com/events/event/aneca-dance-day/,Shreveport/Bossier
"
            Old World Christmas Lights Spectacular 
        ","
        Dates: 19 Nov, 2016 – 07 Jan, 2017
      ",http://visitwebster.net/Calendar/Details/Old-World-Christmas-Lights-Spectacular,Webster
"
            Fasching Karneval ""Mardi Gras"" and Parade 
        ","
        Dates: 23 – 23 Jan, 2016
      ",http://visitwebster.net/Calendar/Details/2016/01/23/fasching-karneval-mardi-gras-and-parade,Webster
"
            Fasching Karneval ""Mardi Gras"" and Parade 
        ","
        Dates: 23 – 23 Jan, 2016
      ",http://www.visitwebster.net/calendar/Details/2016/01/23/fasching-karneval-mardi-gras-and-parade,Webster
"
            Springhill Main Street Mardi Gras Parade
        ","
        Dates: 23 – 23 Jan, 2016
      ",http://visitwebster.net/Calendar/Details/2015/01/24/springhill-main-street-mardi-gras-parade,Webster
"
            Springhill Main Street Mardi Gras Parade
        ","
        Dates: 23 – 23 Jan, 2016
      ",http://www.visitwebster.net/calendar/Details/2015/01/24/springhill-main-street-mardi-gras-parade,Webster
"
            Minden - St Jude 5K, Silent Auction & Chili Cookoff
        ","
        Dates: 06 – 06 Feb, 2016
      $1,319,630.00 raised in 2015!",http://www.visitwebster.net/calendar/Details/2016/02/06/minden---st-jude-5k-silent-auction-chili-cookoff,Webster
"
            North Webster 6th Annual Black History Parade 
        ","
        Dates: 13 – 13 Feb, 2016
      ",http://www.visitwebster.net/calendar/Details/2016/02/20/north-webster-6th-annual-black-history-parade,Webster
"
            âBuds and Bloomsâ Seminar
        ","
        Dates: 27 – 27 Feb, 2016
      ",http://visitwebster.net/Calendar/Details/2016/02/27/-buds-and-blooms-seminar,Webster
"
            âBuds and Bloomsâ Seminar
        ","
        Dates: 27 – 27 Feb, 2016
      ",http://www.visitwebster.net/calendar/Details/2016/02/27/-buds-and-blooms-seminar,Webster
"
            Springhill - Glow in the Dark Easter Egg Hunt
        ","
        Dates: 26 – 26 Mar, 2016
      ",http://www.visitwebster.net/calendar/Details/2016/03/27/springhill---glow-in-the-dark-easter-egg-hunt,Webster
"
            Scottish Tartan Festival 
        ","
        Dates: 08 – 08 Apr, 2017
      ",http://www.visitwebster.net/calendar/Details/2016/04/02/scottish-tartan-festival,Webster
"
            CHICKENSTOCK-Spring Arts Festival for Kids
        ","
        Dates: 11 – 16 Apr, 2016
      ",http://www.visitwebster.net/calendar/details/2016/04/11/chickenstock-spring-arts-festival-for-kids,Webster
"
            Historic Hwy 80 Sale - Webster Parish
        ","
        Dates: 15 – 16 Apr, 2016
      ",http://www.visitwebster.net/calendar/Details/2016/04/15/historic-hwy-80-sale---webster-parish,Webster
"
            Burn Run 2016
        ","
        Dates: 15 – 16 Apr, 2016
      ",http://www.visitwebster.net/calendar/Details/2016/04/15/burn-run-2016,Webster
"
             Trails & Trellises Garden Tour
        ","
        Dates: 14 – 14 May, 2016
      ",http://www.visitwebster.net/calendar/Details/2016/05/14/trails-trellises-garden-tour,Webster
"
            Muddy Bottoms - Mudapalooza 2016
        ","
        Dates: 27 – 30 May, 2016
      ",http://visitwebster.net/Calendar/Details/2016/05/27/muddy-bottoms---mudapalooza-2016,Webster
"
            Muddy Bottoms - Mudapalooza 2016
        ","
        Dates: 27 – 30 May, 2016
      ",http://www.visitwebster.net/calendar/Details/2016/05/27/muddy-bottoms---mudapalooza-2016,Webster
"
            Grilling on Main BBQ Cook Off
        ","
        Dates: 18 – 18 Jun, 2016
      ",http://www.visitwebster.net/calendar/Details/2016/06/04/grilling-on-main-bbq-cook-off,Webster
"
            Minden Charity Classic
        ","
        Dates: 02 – 04 Jun, 2016
      ",http://visitwebster.net/Calendar/Details/2016/06/02/minden-charity-classic,Webster
"
            Muddy Bottoms - Muddin' for the Military 2016
        ","
        Dates: 01 – 04 Jul, 2016
      ",http://www.visitwebster.net/calendar/Details/2016/07/01/muddy-bottoms---muddin'-for-the-military-2016,Webster
"
            4th of July Celebration in Sarepta
        ","
        Dates: 04 – 04 Jul, 2016
      ",http://www.visitwebster.net/calendar/Details/2016/07/04/4th-of-july-celebration-in-sarepta,Webster
"
            4th of July Fireworks on Turner's Pond
        ","
        Dates: 04 – 04 Jul, 2016
      ",http://visitwebster.net/Calendar/Details/2016/07/04/4th-of-july-fireworks-on-turner's-pond,Webster
"
            Springhill Piggly Wiggly Steak Cook-off
        ","
        Dates: 30 – 30 Jul, 2016
      ",http://visitwebster.net/Calendar/Details/2016/07/30/springhill-piggly-wiggly-steak-cook-off,Webster
"
            Springhill PRCA Rodeo & Parade
        ","
        Dates: 04 – 06 Aug, 2016
      ",http://www.visitwebster.net/calendar/Details/2015/07/30/64th-annual-springhill-prca-rodeo,Webster
"
            Froggy Bottom Unity Festival
        ","
        Dates: 02 – 04 Sep, 2016
      ",http://visitwebster.net/Calendar/Details/2016/09/02/froggy-bottom-unity-festival,Webster
"
            Bayou Mudfest
        ","
        Dates: 02 – 05 Sep, 2016
      ",http://visitwebster.net/Calendar/Details/2015/09/04/bayou-mudfest,Webster
"
            Springhill PRCA Rodeo & Parade
        ","
        Dates: 04 – 06 Aug, 2016
      ",http://www.visitwebster.net/calendar/Details/2015/07/30/64th-annual-springhill-prca-rodeo,Webster
"
            Vintage Car Club Shine and Bike Show
        ","
        Dates: 10 – 10 Sep, 2016
      ",http://visitwebster.net/Calendar/Details/2016/09/10/vintage-car-club-shine-and-bike-show,Webster
"
            Main to Main Trade Days
        ","
        Dates: 04 – 05 Nov, 2016
      ",http://www.visitwebster.net/calendar/Details/2015/11/06/main-to-main-trade-days,Webster
"
            Minden Fifth Season Fasching Celebration
        ","
        Dates: 19 – 19 Nov, 2016
      ",http://www.visitwebster.net/calendar/Details/2015/11/21/minden-fifth-season-fasching-celebration,Webster
"","",http://visitwebster.net/Calendar/Details/2016/11/19/louisiana's-holiday-trail-of-lights,Webster
"","",http://visitwebster.net/Calendar/Details/2015/11/21/louisiana's-holiday-trail-of-lights,Webster
"
            Springhill ""Christmas on Main Street""
        ","
        Dates: 26 – 26 Nov, 2016
      ",http://visitwebster.net/Calendar/Details/2016/11/26/springhill-christmas-on-main-street-,Webster
"","",http://www.visitwebster.net/calendar/Details/2015/11/21/louisiana's-holiday-trail-of-lights,Webster
"
            Springhill Main Street presents CandyLand
        ","
        Dates: 26 – 26 Nov, 2016
      ",http://www.visitwebster.net/calendar/Details/2012/11/24/springhill-christmas-parade,Webster
"","",http://visitwebster.net/Calendar/Details/2016/11/19/louisiana's-holiday-trail-of-lights,Webster
"","",http://visitwebster.net/Calendar/Details/2015/11/21/louisiana's-holiday-trail-of-lights,Webster
"
            Sarepta Christmas Festival & Parade
        ","
        Dates: 03 – 03 Dec, 2016
      ",http://www.visitwebster.net/calendar/Details/2013/12/07/sarepta-christmas-festival,Webster
"Artist Talk: BRUCE SMITH Walt Disney, “Tarzan” and “The Princess and the Frog”",July 7 @ 6:00 pm - 8:00 pm,http://heliopolis.la/events/artist-talk-bruce-smith-walt-disney-tarzan-and-the-princess-and-the-frog/,Shreveport/Bossier
"Animation Workshop: BRUCE SMITH Walt Disney, “Tarzan” and “The Princess and the Frog”",July 8 @ 2:00 pm - 4:30 pm,http://heliopolis.la/events/animation-workshop-bruce-smith-walt-disney-tarzan-and-the-princess-and-the-frog/,Shreveport/Bossier
"Spreekiller, Wartrodden, Daggerwound, and Luther Kane Live at Bears!",July 8 @ 10:00 pm - 2:00 am,http://heliopolis.la/events/spreekiller-wartrodden-daggerwound-and-luther-kane-live-at-bears/,Shreveport/Bossier
Family Matinee: How to Train Your Dragon,July 9 @ 12:30 pm,http://heliopolis.la/events/family-matinee-how-to-train-your-dragon/,Shreveport/Bossier
Artist One Stop Class: Media Interviews,July 9 @ 2:00 pm - 4:00 pm,http://heliopolis.la/events/artist-one-stop-class-media-interviews/,Shreveport/Bossier
Super Sober Sunday,July 10 @ 11:00 am - 1:00 pm,http://heliopolis.la/events/super-sober-sunday/,Shreveport/Bossier
The Wall Chargers Concert,July 10 @ 7:00 pm - 10:00 pm,http://heliopolis.la/events/the-wall-chargers-concert/,Shreveport/Bossier
Film Prize Turn-In Party Sponsored by Maccentric,July 12 @ 6:00 pm - 11:59 pm,http://heliopolis.la/events/film-prize-turn-in-party-sponsored-by-maccentric/,Shreveport/Bossier
"Tuesday night ladies nights, karaoke, open mic, and taco Tuesday’s at Bushnookies!",July 12 @ 7:00 pm,http://heliopolis.la/events/tuesday-night-ladies-nights-karaoke-open-mic-and-taco-tuesdays-at-bushnookies/,Shreveport/Bossier
Gypsy,July 13 @ 7:30 pm - July 27 @ 7:30 pm,http://heliopolis.la/events/gypsy/,Shreveport/Bossier
Mommy and Me Yoga,July 14 @ 10:00 am,http://heliopolis.la/events/mommy-and-me-yoga-4/,Shreveport/Bossier
Bot Party at artspace with Arthur Simone,July 14 @ 7:00 pm - 9:00 pm,http://heliopolis.la/events/bot-party-at-artspace-with-arthur-simone/,Shreveport/Bossier
The Great 80s Adventure Weekend,July 15 @ 3:00 pm - July 17 @ 7:30 pm,http://heliopolis.la/events/the-great-80s-adventure-weekend/,Shreveport/Bossier
Chris Tucker Live,July 15 @ 8:00 pm,http://heliopolis.la/events/chris-tucker-live/,Shreveport/Bossier
Stiff Necked Fools Mid Summer Bayou Reggae Jam Down!!,July 15 @ 10:00 pm - 2:00 am,http://heliopolis.la/events/stiff-necked-fools-mid-summer-bayou-reggae-jam-down/,Shreveport/Bossier
Bot Party (All Ages) at artspace,July 16 @ 2:00 pm - 4:00 pm,http://heliopolis.la/events/bot-party-all-ages-at-artspace/,Shreveport/Bossier
Bot Party (Family Fun) at artspace,July 16 @ 2:00 pm - 4:00 pm,http://heliopolis.la/events/bot-party-family-fun-at-artspace/,Shreveport/Bossier
The Great 80s Trivia Dinner & movie,July 16 @ 5:30 pm,http://heliopolis.la/events/the-great-80s-trivia-dinner-movie/,Shreveport/Bossier
All Y’all Live: “I Fought the Law”,July 16 @ 7:30 pm,http://heliopolis.la/events/all-yall-live-i-fought-the-law/,Shreveport/Bossier
Basic Cable LIVE @ Bears,July 16 @ 9:00 pm,http://heliopolis.la/events/basic-cable-live-bears/,Shreveport/Bossier
Murder Mystery Summer Film Camp,July 18 @ 1:00 pm - July 22 @ 5:00 pm,http://heliopolis.la/events/murder-mystery-summer-film-camp/,Shreveport/Bossier
"Silver Screening: The Long, Hot Summer",July 19 @ 10:30 am,http://heliopolis.la/events/silver-screening-the-long-hot-summer/,Shreveport/Bossier
"Ladies night, karaoke, taco Tuesday’s, and open mic @ Bushnookies!",July 19 @ 7:00 pm,http://heliopolis.la/events/ladies-night-karaoke-taco-tuesdays-and-open-mic-bushnookies/,Shreveport/Bossier
"Encore: The Long, Hot Summer",July 20 @ 7:45 pm,http://heliopolis.la/events/encore-the-long-hot-summer/,Shreveport/Bossier
Marvelous Misfits Vaudeville Variety Show-Bossier City!,July 21 @ 8:00 pm - 9:30 pm,http://heliopolis.la/events/marvelous-misfits-vaudeville-variety-show-bossier-city/,Shreveport/Bossier
"The Devil Anse, Rella, Neck Beard Legend",July 22 @ 9:00 pm,http://heliopolis.la/events/the-devil-anse-rella-neck-beard-legend/,Shreveport/Bossier
Moonbot Shorts,July 23 @ 12:30 pm,http://heliopolis.la/events/moonbot-shorts/,Shreveport/Bossier
Paper Moonshiners Concert,July 23 @ 7:00 pm - 10:00 pm,http://heliopolis.la/events/paper-moonshiners-concert/,Shreveport/Bossier
Max Dab’s Summer Blow Out Show at Bear’s Oyster Bar!,July 23 @ 10:00 pm - 2:00 am,http://heliopolis.la/events/max-dabs-summer-blow-out-show-at-bears-oyster-bar/,Shreveport/Bossier
Heels and Reels: Ghost,July 26 @ 5:30 pm,http://heliopolis.la/events/heels-and-reels-ghost/,Shreveport/Bossier
"Pleasures, Bristol Hills, and Ziel Zuster Wednesday Night Jam Right!",July 27 @ 10:00 pm - 2:00 am,http://heliopolis.la/events/pleasures-bristol-hills-and-ziel-zuster-wednesday-night-jam-right/,Shreveport/Bossier
Dancing in the Street,July 30 @ 2:00 pm - 8:00 pm,http://heliopolis.la/events/dancing-in-the-street/,Shreveport/Bossier
Carnival of Madness Tour featuring Shinedown,August 2 @ 6:30 pm,http://heliopolis.la/events/carnival-of-madness-tour-featuring-shinedown/,Shreveport/Bossier
Artist Talk: Ralph Eggleston,August 4 @ 6:00 pm - 8:00 pm,http://heliopolis.la/events/artist-talk-ralph-eggleston/,Shreveport/Bossier
Cut to the Chase: World Premiere,August 4 @ 7:00 pm - 9:00 pm,http://heliopolis.la/events/cut-to-the-chase-world-premiere/,Shreveport/Bossier
Animation Workshop: RALPH EGGLESTON—Pixar Animation Studios,August 5 @ 2:00 pm - 4:30 pm,http://heliopolis.la/events/animation-workshop-ralph-eggleston-pixar-animation-studios/,Shreveport/Bossier
Maks & Val Live On Tour: Our Way,August 5 @ 8:00 pm,http://heliopolis.la/events/maks-val-live-on-tour-our-way/,Shreveport/Bossier
Storing Archivally,August 6 @ 2:00 pm - 4:00 pm,http://heliopolis.la/events/storing-archivally/,Shreveport/Bossier
Cane River Green Market ,07/02/2016 - 8:00am to 12:00pm,http://www.natchitochesla.gov/calendar-node-field-date/,Natchitoches
Celebration on the Cane ,07/04/2016 - 3:00pm,http://www.natchitochesla.gov/calendar-node-field-date/,Natchitoches
Historic District Committee Meeting ,07/04/2016 - 5:00pm,http://www.natchitochesla.gov/calendar-node-field-date/,Natchitoches
Natchitoches Planning & Zoning Meeting ,07/05/2016 - 5:30pm,http://www.natchitochesla.gov/calendar-node-field-date/,Natchitoches
HDC Meeting ,07/06/2016 - 5:00pm,http://www.natchitochesla.gov/calendar-node-field-date/,Natchitoches
Natchitoches Hope for Paws Meeting ,07/07/2016 - 5:30pm,http://www.natchitochesla.gov/calendar-node-field-date/,Natchitoches
LNC Meeting  ,07/08/2016 - 6:00pm,http://www.natchitochesla.gov/calendar-node-field-date/,Natchitoches
Cane River Green Market ,07/09/2016 - 8:00am to 12:00pm,http://www.natchitochesla.gov/calendar-node-field-date/,Natchitoches
City Council Meeting ,07/11/2016 - 5:30pm,http://www.natchitochesla.gov/calendar-node-field-date/,Natchitoches
Sons of Confederate Veterans ,07/12/2016 - 7:00pm,http://www.natchitochesla.gov/calendar-node-field-date/,Natchitoches
Master Gardeners Meeting ,07/13/2016 - 9:00am to 1:00pm,http://www.natchitochesla.gov/calendar-node-field-date/,Natchitoches
Cane River Green Market ,07/16/2016 - 8:00am to 12:00pm,http://www.natchitochesla.gov/calendar-node-field-date/,Natchitoches
Airport Commission Meeting ,07/18/2016 - 5:00pm,http://www.natchitochesla.gov/calendar-node-field-date/,Natchitoches
4-H Junior Leaders Meeting ,07/18/2016 - 6:00pm,http://www.natchitochesla.gov/calendar-node-field-date/,Natchitoches
Bike Natchitoches Meeting ,07/19/2016 - 5:00pm,http://www.natchitochesla.gov/calendar-node-field-date/,Natchitoches
Cane River Photographic Society Meeting ,07/20/2016 - 6:00pm,http://www.natchitochesla.gov/calendar-node-field-date/,Natchitoches
Historic District Development Committee Meeting ,07/21/2016 - 10:00am,http://www.natchitochesla.gov/calendar-node-field-date/,Natchitoches
Cane River Green Market ,07/23/2016 - 8:00am to 12:00pm,http://www.natchitochesla.gov/calendar-node-field-date/,Natchitoches
Krewe of Excellence Meeting ,07/24/2016 - 5:00pm,http://www.natchitochesla.gov/calendar-node-field-date/,Natchitoches
City Council Meeting ,07/25/2016 - 5:30pm,http://www.natchitochesla.gov/calendar-node-field-date/,Natchitoches
Genealogical Society Meeting ,07/26/2016 - 7:00pm,http://www.natchitochesla.gov/calendar-node-field-date/,Natchitoches
Natchitoches Humane Society Meeting ,07/28/2016 - 5:00pm,http://www.natchitochesla.gov/calendar-node-field-date/,Natchitoches
Cane River Green Market ,07/30/2016 - 8:00am to 12:00pm,http://www.natchitochesla.gov/calendar-node-field-date/,Natchitoches
Cane River Green Market ,07/02/2016 - 8:00am to 12:00pm,http://www.natchitochesla.gov/calendar-node-field-date/month/2016-7,Natchitoches
Celebration on the Cane ,07/04/2016 - 3:00pm,http://www.natchitochesla.gov/calendar-node-field-date/month/2016-7,Natchitoches
Historic District Committee Meeting ,07/04/2016 - 5:00pm,http://www.natchitochesla.gov/calendar-node-field-date/month/2016-7,Natchitoches
Natchitoches Planning & Zoning Meeting ,07/05/2016 - 5:30pm,http://www.natchitochesla.gov/calendar-node-field-date/month/2016-7,Natchitoches
HDC Meeting ,07/06/2016 - 5:00pm,http://www.natchitochesla.gov/calendar-node-field-date/month/2016-7,Natchitoches
Natchitoches Hope for Paws Meeting ,07/07/2016 - 5:30pm,http://www.natchitochesla.gov/calendar-node-field-date/month/2016-7,Natchitoches
LNC Meeting  ,07/08/2016 - 6:00pm,http://www.natchitochesla.gov/calendar-node-field-date/month/2016-7,Natchitoches
Cane River Green Market ,07/09/2016 - 8:00am to 12:00pm,http://www.natchitochesla.gov/calendar-node-field-date/month/2016-7,Natchitoches
City Council Meeting ,07/11/2016 - 5:30pm,http://www.natchitochesla.gov/calendar-node-field-date/month/2016-7,Natchitoches
Sons of Confederate Veterans ,07/12/2016 - 7:00pm,http://www.natchitochesla.gov/calendar-node-field-date/month/2016-7,Natchitoches
Master Gardeners Meeting ,07/13/2016 - 9:00am to 1:00pm,http://www.natchitochesla.gov/calendar-node-field-date/month/2016-7,Natchitoches
Cane River Green Market ,07/16/2016 - 8:00am to 12:00pm,http://www.natchitochesla.gov/calendar-node-field-date/month/2016-7,Natchitoches
Airport Commission Meeting ,07/18/2016 - 5:00pm,http://www.natchitochesla.gov/calendar-node-field-date/month/2016-7,Natchitoches
4-H Junior Leaders Meeting ,07/18/2016 - 6:00pm,http://www.natchitochesla.gov/calendar-node-field-date/month/2016-7,Natchitoches
Bike Natchitoches Meeting ,07/19/2016 - 5:00pm,http://www.natchitochesla.gov/calendar-node-field-date/month/2016-7,Natchitoches
Cane River Photographic Society Meeting ,07/20/2016 - 6:00pm,http://www.natchitochesla.gov/calendar-node-field-date/month/2016-7,Natchitoches
Historic District Development Committee Meeting ,07/21/2016 - 10:00am,http://www.natchitochesla.gov/calendar-node-field-date/month/2016-7,Natchitoches
Cane River Green Market ,07/23/2016 - 8:00am to 12:00pm,http://www.natchitochesla.gov/calendar-node-field-date/month/2016-7,Natchitoches
Krewe of Excellence Meeting ,07/24/2016 - 5:00pm,http://www.natchitochesla.gov/calendar-node-field-date/month/2016-7,Natchitoches
City Council Meeting ,07/25/2016 - 5:30pm,http://www.natchitochesla.gov/calendar-node-field-date/month/2016-7,Natchitoches
Genealogical Society Meeting ,07/26/2016 - 7:00pm,http://www.natchitochesla.gov/calendar-node-field-date/month/2016-7,Natchitoches
Natchitoches Humane Society Meeting ,07/28/2016 - 5:00pm,http://www.natchitochesla.gov/calendar-node-field-date/month/2016-7,Natchitoches
Cane River Green Market ,07/30/2016 - 8:00am to 12:00pm,http://www.natchitochesla.gov/calendar-node-field-date/month/2016-7,Natchitoches
Historic District Committee Meeting ,08/01/2016 - 5:00pm,http://www.natchitochesla.gov/calendar-node-field-date/month/2016-8,Natchitoches
Natchitoches Planning & Zoning Meeting ,08/02/2016 - 5:30pm,http://www.natchitochesla.gov/calendar-node-field-date/month/2016-8,Natchitoches
Natchitoches Hope for Paws Meeting ,08/04/2016 - 5:30pm,http://www.natchitochesla.gov/calendar-node-field-date/month/2016-8,Natchitoches
City Council Meeting ,08/08/2016 - 5:30pm,http://www.natchitochesla.gov/calendar-node-field-date/month/2016-8,Natchitoches
Sons of Confederate Veterans ,08/09/2016 - 7:00pm,http://www.natchitochesla.gov/calendar-node-field-date/month/2016-8,Natchitoches
Master Gardeners Meeting ,08/10/2016 - 9:00am to 1:00pm,http://www.natchitochesla.gov/calendar-node-field-date/month/2016-8,Natchitoches
Airport Commission Meeting ,08/15/2016 - 5:00pm,http://www.natchitochesla.gov/calendar-node-field-date/month/2016-8,Natchitoches
4-H Junior Leaders Meeting ,08/15/2016 - 6:00pm,http://www.natchitochesla.gov/calendar-node-field-date/month/2016-8,Natchitoches
Bike Natchitoches Meeting ,08/16/2016 - 5:00pm,http://www.natchitochesla.gov/calendar-node-field-date/month/2016-8,Natchitoches
Cane River Photographic Society Meeting ,08/17/2016 - 6:00pm,http://www.natchitochesla.gov/calendar-node-field-date/month/2016-8,Natchitoches
Historic District Development Committee Meeting ,08/18/2016 - 10:00am,http://www.natchitochesla.gov/calendar-node-field-date/month/2016-8,Natchitoches
City Council Meeting ,08/22/2016 - 5:30pm,http://www.natchitochesla.gov/calendar-node-field-date/month/2016-8,Natchitoches
Genealogical Society Meeting ,08/23/2016 - 7:00pm,http://www.natchitochesla.gov/calendar-node-field-date/month/2016-8,Natchitoches
Natchitoches Humane Society Meeting ,08/25/2016 - 5:00pm,http://www.natchitochesla.gov/calendar-node-field-date/month/2016-8,Natchitoches
Krewe of Excellence Meeting ,08/28/2016 - 5:00pm,http://www.natchitochesla.gov/calendar-node-field-date/month/2016-8,Natchitoches
Cane River Zydeco Festival ,09/02/2016 - 6:00pm,http://www.natchitochesla.gov/calendar-node-field-date/month/2016-9,Natchitoches
Cane River Zydeco Festival ,09/03/2016 - 9:00am,http://www.natchitochesla.gov/calendar-node-field-date/month/2016-9,Natchitoches
Historic District Committee Meeting ,09/05/2016 - 5:00pm,http://www.natchitochesla.gov/calendar-node-field-date/month/2016-9,Natchitoches
Historic District Committee Meeting ,09/05/2016 - 5:00pm,http://www.natchitochesla.gov/calendar-node-field-date/month/2016-9,Natchitoches
Natchitoches Planning & Zoning Meeting ,09/06/2016 - 5:30pm,http://www.natchitochesla.gov/calendar-node-field-date/month/2016-9,Natchitoches
HDC Meeting ,09/07/2016 - 5:00am,http://www.natchitochesla.gov/calendar-node-field-date/month/2016-9,Natchitoches
Master Gardeners Meeting ,09/07/2016 - 9:00am to 1:00pm,http://www.natchitochesla.gov/calendar-node-field-date/month/2016-9,Natchitoches
Natchitoches Hope for Paws Meeting ,09/08/2016 - 5:30pm,http://www.natchitochesla.gov/calendar-node-field-date/month/2016-9,Natchitoches
City Council Meeting ,09/12/2016 - 5:30pm,http://www.natchitochesla.gov/calendar-node-field-date/month/2016-9,Natchitoches
Sons of Confederate Veterans ,09/13/2016 - 7:00pm,http://www.natchitochesla.gov/calendar-node-field-date/month/2016-9,Natchitoches
Master Gardeners Meeting ,09/14/2016 - 9:00am to 1:00pm,http://www.natchitochesla.gov/calendar-node-field-date/month/2016-9,Natchitoches
Historic District Development Committee Meeting ,09/15/2016 - 10:00am,http://www.natchitochesla.gov/calendar-node-field-date/month/2016-9,Natchitoches
Airport Commission Meeting ,09/19/2016 - 5:00pm,http://www.natchitochesla.gov/calendar-node-field-date/month/2016-9,Natchitoches
4-H Junior Leaders Meeting ,09/19/2016 - 6:00pm,http://www.natchitochesla.gov/calendar-node-field-date/month/2016-9,Natchitoches
Bike Natchitoches Meeting ,09/20/2016 - 5:00pm,http://www.natchitochesla.gov/calendar-node-field-date/month/2016-9,Natchitoches
Cane River Photographic Society Meeting ,09/21/2016 - 6:00pm,http://www.natchitochesla.gov/calendar-node-field-date/month/2016-9,Natchitoches
Natchitoches Humane Society Meeting ,09/22/2016 - 5:00pm,http://www.natchitochesla.gov/calendar-node-field-date/month/2016-9,Natchitoches
Krewe of Excellence Meeting ,09/25/2016 - 5:00pm,http://www.natchitochesla.gov/calendar-node-field-date/month/2016-9,Natchitoches
City Council Meeting ,09/26/2016 - 5:30pm,http://www.natchitochesla.gov/calendar-node-field-date/month/2016-9,Natchitoches
Genealogical Society Meeting ,09/27/2016 - 7:00pm,http://www.natchitochesla.gov/calendar-node-field-date/month/2016-9,Natchitoches
Historic District Committee Meeting ,10/03/2016 - 5:00pm,http://www.natchitochesla.gov/calendar-node-field-date/month/2016-10,Natchitoches
Natchitoches Planning & Zoning Meeting ,10/04/2016 - 5:30pm,http://www.natchitochesla.gov/calendar-node-field-date/month/2016-10,Natchitoches
Natchitoches Hope for Paws Meeting ,10/06/2016 - 5:30pm,http://www.natchitochesla.gov/calendar-node-field-date/month/2016-10,Natchitoches
Cane River Green Market ,10/08/2016 - 8:00am to 12:00pm,http://www.natchitochesla.gov/calendar-node-field-date/month/2016-10,Natchitoches
City Council Meeting ,10/10/2016 - 5:30pm,http://www.natchitochesla.gov/calendar-node-field-date/month/2016-10,Natchitoches
Sons of Confederate Veterans ,10/11/2016 - 7:00pm,http://www.natchitochesla.gov/calendar-node-field-date/month/2016-10,Natchitoches
Master Gardeners Meeting ,10/12/2016 - 9:00am to 1:00pm,http://www.natchitochesla.gov/calendar-node-field-date/month/2016-10,Natchitoches
LNC Meeting  ,10/14/2016 - 6:00pm,http://www.natchitochesla.gov/calendar-node-field-date/month/2016-10,Natchitoches
Cane River Green Market ,10/15/2016 - 8:00am to 12:00pm,http://www.natchitochesla.gov/calendar-node-field-date/month/2016-10,Natchitoches
Airport Commission Meeting ,10/17/2016 - 5:00pm,http://www.natchitochesla.gov/calendar-node-field-date/month/2016-10,Natchitoches
4-H Junior Leaders Meeting ,10/17/2016 - 6:00pm,http://www.natchitochesla.gov/calendar-node-field-date/month/2016-10,Natchitoches
Bike Natchitoches Meeting ,10/18/2016 - 5:00pm,http://www.natchitochesla.gov/calendar-node-field-date/month/2016-10,Natchitoches
Cane River Photographic Society Meeting ,10/19/2016 - 6:00pm,http://www.natchitochesla.gov/calendar-node-field-date/month/2016-10,Natchitoches
Historic District Development Committee Meeting ,10/20/2016 - 10:00am,http://www.natchitochesla.gov/calendar-node-field-date/month/2016-10,Natchitoches
Cane River Green Market ,10/22/2016 - 8:00am to 12:00pm,http://www.natchitochesla.gov/calendar-node-field-date/month/2016-10,Natchitoches
Krewe of Excellence Meeting ,10/23/2016 - 5:00pm,http://www.natchitochesla.gov/calendar-node-field-date/month/2016-10,Natchitoches
Natchitoches City Council Meeting ,10/24/2016 - 5:30pm,http://www.natchitochesla.gov/calendar-node-field-date/month/2016-10,Natchitoches
Genealogical Society Meeting ,10/25/2016 - 7:00pm,http://www.natchitochesla.gov/calendar-node-field-date/month/2016-10,Natchitoches
Natchitoches Humane Society Meeting ,10/27/2016 - 5:00pm,http://www.natchitochesla.gov/calendar-node-field-date/month/2016-10,Natchitoches
Cane River Green Market ,10/29/2016 - 8:00am to 12:00pm,http://www.natchitochesla.gov/calendar-node-field-date/month/2016-10,Natchitoches
Natchitoches Planning & Zoning Meeting ,11/01/2016 - 5:30pm,http://www.natchitochesla.gov/calendar-node-field-date/month/2016-11,Natchitoches
Natchitoches Hope for Paws Meeting ,11/03/2016 - 5:30pm,http://www.natchitochesla.gov/calendar-node-field-date/month/2016-11,Natchitoches
Cane River Green Market ,11/05/2016 - 8:00am to 12:00pm,http://www.natchitochesla.gov/calendar-node-field-date/month/2016-11,Natchitoches
Historic District Committee Meeting ,11/07/2016 - 5:00pm,http://www.natchitochesla.gov/calendar-node-field-date/month/2016-11,Natchitoches
Sons of Confederate Veterans ,11/08/2016 - 7:00pm,http://www.natchitochesla.gov/calendar-node-field-date/month/2016-11,Natchitoches
Master Gardeners Meeting ,11/09/2016 - 9:00am to 1:00pm,http://www.natchitochesla.gov/calendar-node-field-date/month/2016-11,Natchitoches
Cane River Green Market ,11/12/2016 - 8:00am to 12:00pm,http://www.natchitochesla.gov/calendar-node-field-date/month/2016-11,Natchitoches
City Council Meeting ,11/14/2016 - 5:30pm,http://www.natchitochesla.gov/calendar-node-field-date/month/2016-11,Natchitoches
Bike Natchitoches Meeting ,11/15/2016 - 5:00pm,http://www.natchitochesla.gov/calendar-node-field-date/month/2016-11,Natchitoches
Cane River Photographic Society Meeting ,11/16/2016 - 6:00pm,http://www.natchitochesla.gov/calendar-node-field-date/month/2016-11,Natchitoches
Historic District Development Committee Meeting ,11/17/2016 - 10:00am,http://www.natchitochesla.gov/calendar-node-field-date/month/2016-11,Natchitoches
Airport Commission Meeting ,11/21/2016 - 5:00pm,http://www.natchitochesla.gov/calendar-node-field-date/month/2016-11,Natchitoches
4-H Junior Leaders Meeting ,11/21/2016 - 6:00pm,http://www.natchitochesla.gov/calendar-node-field-date/month/2016-11,Natchitoches
Genealogical Society Meeting ,11/22/2016 - 7:00pm,http://www.natchitochesla.gov/calendar-node-field-date/month/2016-11,Natchitoches
Natchitoches Humane Society Meeting ,11/24/2016 - 5:00pm,http://www.natchitochesla.gov/calendar-node-field-date/month/2016-11,Natchitoches
Krewe of Excellence Meeting ,11/27/2016 - 5:00pm,http://www.natchitochesla.gov/calendar-node-field-date/month/2016-11,Natchitoches
City Council Meeting ,11/28/2016 - 5:30pm,http://www.natchitochesla.gov/calendar-node-field-date/month/2016-11,Natchitoches
"""Zooniversity"" at the Vernon Parish Library","July 13, 2016",http://www.chambervernonparish.com/events/details/zooniversity-at-the-vernon-parish-library-597,Leesville
16th Annual Golf Tournament,"July 9, 2016",http://www.beauchamber.org/events/details/16th-annual-golf-tournament-4,Beauregard
25th Annual Chamber Auction,"September 10, 2016",http://www.beauchamber.org/events/details/25th-annual-chamber-auction-10,Beauregard
2nd Annual Business Expo,"October 21, 2016",http://www.beauchamber.org/events/details/2nd-annual-business-expo-12,Beauregard
Lighted Christmas Parade,"December 3, 2016",http://www.beauchamber.org/events/details/lighted-christmas-parade-11,Beauregard
Louisiana Cotton Festival,"October 3, 2016 5:00 pm - October 9, 2016 12:00 am",http://www.villeplattechamber.com/event/louisiana-cotton-festival/,Ville Platte
Louisiana Tournoi,"October 9, 2016",http://www.villeplattechamber.com/event/louisiana-tournoi/,Ville Platte
Eunice Farmers' Market,"Jul 06, 2016",http://www.cajuntravel.com/events.php?startdate=06%2F29%2F2016&enddate=11%2F30%2F2016&city=eunice&category=all&limit=all,St. Landry
Cajun Music Jam at Rocky's,"Jul 06, 2016",http://www.cajuntravel.com/events.php?startdate=06%2F29%2F2016&enddate=11%2F30%2F2016&city=eunice&category=all&limit=all,St. Landry
Jam Session,"Jul 08, 2016",http://www.cajuntravel.com/events.php?startdate=06%2F29%2F2016&enddate=11%2F30%2F2016&city=eunice&category=all&limit=all,St. Landry
Rocky's Live Music,"Jul 08, 2016",http://www.cajuntravel.com/events.php?startdate=06%2F29%2F2016&enddate=11%2F30%2F2016&city=eunice&category=all&limit=all,St. Landry
Le Café Cajun,"Jul 08, 2016",http://www.cajuntravel.com/events.php?startdate=06%2F29%2F2016&enddate=11%2F30%2F2016&city=eunice&category=all&limit=all,St. Landry
Eunice Farmers' Market,"Jul 09, 2016",http://www.cajuntravel.com/events.php?startdate=06%2F29%2F2016&enddate=11%2F30%2F2016&city=eunice&category=all&limit=all,St. Landry
Rocky's Live Music,"Jul 09, 2016",http://www.cajuntravel.com/events.php?startdate=06%2F29%2F2016&enddate=11%2F30%2F2016&city=eunice&category=all&limit=all,St. Landry
Old Fashioned Fais-do-do Barn Dances,"Jul 09, 2016",http://www.cajuntravel.com/events.php?startdate=06%2F29%2F2016&enddate=11%2F30%2F2016&city=eunice&category=all&limit=all,St. Landry
Rendez-vous des Cajuns,"Jul 09, 2016",http://www.cajuntravel.com/events.php?startdate=06%2F29%2F2016&enddate=11%2F30%2F2016&city=eunice&category=all&limit=all,St. Landry
Cajun Jam Session,"Jul 09, 2016",http://www.cajuntravel.com/events.php?startdate=06%2F29%2F2016&enddate=11%2F30%2F2016&city=eunice&category=all&limit=all,St. Landry
Prairie Acadian Cultural Center,"Jul 09, 2016",http://www.cajuntravel.com/events.php?startdate=06%2F29%2F2016&enddate=11%2F30%2F2016&city=eunice&category=all&limit=all,St. Landry
Eunice Farmers' Market,"Jul 13, 2016",http://www.cajuntravel.com/events.php?startdate=06%2F29%2F2016&enddate=11%2F30%2F2016&city=eunice&category=all&limit=all,St. Landry
Cajun Music Jam at Rocky's,"Jul 13, 2016",http://www.cajuntravel.com/events.php?startdate=06%2F29%2F2016&enddate=11%2F30%2F2016&city=eunice&category=all&limit=all,St. Landry
ECCBC Summer Concert Series,"Jul 14, 2016 - Jul 15, 2016",http://www.cajuntravel.com/events.php?startdate=06%2F29%2F2016&enddate=11%2F30%2F2016&city=eunice&category=all&limit=all,St. Landry
Jam Session,"Jul 15, 2016",http://www.cajuntravel.com/events.php?startdate=06%2F29%2F2016&enddate=11%2F30%2F2016&city=eunice&category=all&limit=all,St. Landry
Rocky's Live Music,"Jul 15, 2016",http://www.cajuntravel.com/events.php?startdate=06%2F29%2F2016&enddate=11%2F30%2F2016&city=eunice&category=all&limit=all,St. Landry
Le Café Cajun,"Jul 15, 2016",http://www.cajuntravel.com/events.php?startdate=06%2F29%2F2016&enddate=11%2F30%2F2016&city=eunice&category=all&limit=all,St. Landry
Eunice Farmers' Market,"Jul 16, 2016",http://www.cajuntravel.com/events.php?startdate=06%2F29%2F2016&enddate=11%2F30%2F2016&city=eunice&category=all&limit=all,St. Landry
Rocky's Live Music,"Jul 16, 2016",http://www.cajuntravel.com/events.php?startdate=06%2F29%2F2016&enddate=11%2F30%2F2016&city=eunice&category=all&limit=all,St. Landry
Old Fashioned Fais-do-do Barn Dances,"Jul 16, 2016",http://www.cajuntravel.com/events.php?startdate=06%2F29%2F2016&enddate=11%2F30%2F2016&city=eunice&category=all&limit=all,St. Landry
Rendez-vous des Cajuns,"Jul 16, 2016",http://www.cajuntravel.com/events.php?startdate=06%2F29%2F2016&enddate=11%2F30%2F2016&city=eunice&category=all&limit=all,St. Landry
Cajun Jam Session,"Jul 16, 2016",http://www.cajuntravel.com/events.php?startdate=06%2F29%2F2016&enddate=11%2F30%2F2016&city=eunice&category=all&limit=all,St. Landry
Prairie Acadian Cultural Center,"Jul 16, 2016",http://www.cajuntravel.com/events.php?startdate=06%2F29%2F2016&enddate=11%2F30%2F2016&city=eunice&category=all&limit=all,St. Landry
Eunice Farmers' Market,"Jul 20, 2016",http://www.cajuntravel.com/events.php?startdate=06%2F29%2F2016&enddate=11%2F30%2F2016&city=eunice&category=all&limit=all,St. Landry
Cajun Music Jam at Rocky's,"Jul 20, 2016",http://www.cajuntravel.com/events.php?startdate=06%2F29%2F2016&enddate=11%2F30%2F2016&city=eunice&category=all&limit=all,St. Landry
Jam Session,"Jul 22, 2016",http://www.cajuntravel.com/events.php?startdate=06%2F29%2F2016&enddate=11%2F30%2F2016&city=eunice&category=all&limit=all,St. Landry
Rocky's Live Music,"Jul 22, 2016",http://www.cajuntravel.com/events.php?startdate=06%2F29%2F2016&enddate=11%2F30%2F2016&city=eunice&category=all&limit=all,St. Landry
Le Café Cajun,"Jul 22, 2016",http://www.cajuntravel.com/events.php?startdate=06%2F29%2F2016&enddate=11%2F30%2F2016&city=eunice&category=all&limit=all,St. Landry
Eunice Farmers' Market,"Jul 23, 2016",http://www.cajuntravel.com/events.php?startdate=06%2F29%2F2016&enddate=11%2F30%2F2016&city=eunice&category=all&limit=all,St. Landry
Rocky's Live Music,"Jul 23, 2016",http://www.cajuntravel.com/events.php?startdate=06%2F29%2F2016&enddate=11%2F30%2F2016&city=eunice&category=all&limit=all,St. Landry
Old Fashioned Fais-do-do Barn Dances,"Jul 23, 2016",http://www.cajuntravel.com/events.php?startdate=06%2F29%2F2016&enddate=11%2F30%2F2016&city=eunice&category=all&limit=all,St. Landry
Rendez-vous des Cajuns,"Jul 23, 2016",http://www.cajuntravel.com/events.php?startdate=06%2F29%2F2016&enddate=11%2F30%2F2016&city=eunice&category=all&limit=all,St. Landry
Cajun Jam Session,"Jul 23, 2016",http://www.cajuntravel.com/events.php?startdate=06%2F29%2F2016&enddate=11%2F30%2F2016&city=eunice&category=all&limit=all,St. Landry
Prairie Acadian Cultural Center,"Jul 23, 2016",http://www.cajuntravel.com/events.php?startdate=06%2F29%2F2016&enddate=11%2F30%2F2016&city=eunice&category=all&limit=all,St. Landry
Eunice Farmers' Market,"Jul 27, 2016",http://www.cajuntravel.com/events.php?startdate=06%2F29%2F2016&enddate=11%2F30%2F2016&city=eunice&category=all&limit=all,St. Landry
Cajun Music Jam at Rocky's,"Jul 27, 2016",http://www.cajuntravel.com/events.php?startdate=06%2F29%2F2016&enddate=11%2F30%2F2016&city=eunice&category=all&limit=all,St. Landry
Jam Session,"Jul 29, 2016",http://www.cajuntravel.com/events.php?startdate=06%2F29%2F2016&enddate=11%2F30%2F2016&city=eunice&category=all&limit=all,St. Landry
Rocky's Live Music,"Jul 29, 2016",http://www.cajuntravel.com/events.php?startdate=06%2F29%2F2016&enddate=11%2F30%2F2016&city=eunice&category=all&limit=all,St. Landry
Le Café Cajun,"Jul 29, 2016",http://www.cajuntravel.com/events.php?startdate=06%2F29%2F2016&enddate=11%2F30%2F2016&city=eunice&category=all&limit=all,St. Landry
Eunice Farmers' Market,"Jul 30, 2016",http://www.cajuntravel.com/events.php?startdate=06%2F29%2F2016&enddate=11%2F30%2F2016&city=eunice&category=all&limit=all,St. Landry
Rocky's Live Music,"Jul 30, 2016",http://www.cajuntravel.com/events.php?startdate=06%2F29%2F2016&enddate=11%2F30%2F2016&city=eunice&category=all&limit=all,St. Landry
Old Fashioned Fais-do-do Barn Dances,"Jul 30, 2016",http://www.cajuntravel.com/events.php?startdate=06%2F29%2F2016&enddate=11%2F30%2F2016&city=eunice&category=all&limit=all,St. Landry
Rendez-vous des Cajuns,"Jul 30, 2016",http://www.cajuntravel.com/events.php?startdate=06%2F29%2F2016&enddate=11%2F30%2F2016&city=eunice&category=all&limit=all,St. Landry
Cajun Jam Session,"Jul 30, 2016",http://www.cajuntravel.com/events.php?startdate=06%2F29%2F2016&enddate=11%2F30%2F2016&city=eunice&category=all&limit=all,St. Landry
Prairie Acadian Cultural Center,"Jul 30, 2016",http://www.cajuntravel.com/events.php?startdate=06%2F29%2F2016&enddate=11%2F30%2F2016&city=eunice&category=all&limit=all,St. Landry
Eunice Farmers' Market,"Aug 03, 2016",http://www.cajuntravel.com/events.php?startdate=06%2F29%2F2016&enddate=11%2F30%2F2016&city=eunice&category=all&limit=all,St. Landry
Cajun Music Jam at Rocky's,"Aug 03, 2016",http://www.cajuntravel.com/events.php?startdate=06%2F29%2F2016&enddate=11%2F30%2F2016&city=eunice&category=all&limit=all,St. Landry
Louisiana Red at the Liberty,"Aug 05, 2016",http://www.cajuntravel.com/events.php?startdate=06%2F29%2F2016&enddate=11%2F30%2F2016&city=eunice&category=all&limit=all,St. Landry
Jam Session,"Aug 05, 2016",http://www.cajuntravel.com/events.php?startdate=06%2F29%2F2016&enddate=11%2F30%2F2016&city=eunice&category=all&limit=all,St. Landry
Rocky's Live Music,"Aug 05, 2016",http://www.cajuntravel.com/events.php?startdate=06%2F29%2F2016&enddate=11%2F30%2F2016&city=eunice&category=all&limit=all,St. Landry
Le Café Cajun,"Aug 05, 2016",http://www.cajuntravel.com/events.php?startdate=06%2F29%2F2016&enddate=11%2F30%2F2016&city=eunice&category=all&limit=all,St. Landry
Eunice Farmers' Market,"Aug 06, 2016",http://www.cajuntravel.com/events.php?startdate=06%2F29%2F2016&enddate=11%2F30%2F2016&city=eunice&category=all&limit=all,St. Landry
Rocky's Live Music,"Aug 06, 2016",http://www.cajuntravel.com/events.php?startdate=06%2F29%2F2016&enddate=11%2F30%2F2016&city=eunice&category=all&limit=all,St. Landry
Old Fashioned Fais-do-do Barn Dances,"Aug 06, 2016",http://www.cajuntravel.com/events.php?startdate=06%2F29%2F2016&enddate=11%2F30%2F2016&city=eunice&category=all&limit=all,St. Landry
Rendez-vous des Cajuns,"Aug 06, 2016",http://www.cajuntravel.com/events.php?startdate=06%2F29%2F2016&enddate=11%2F30%2F2016&city=eunice&category=all&limit=all,St. Landry
Cajun Jam Session,"Aug 06, 2016",http://www.cajuntravel.com/events.php?startdate=06%2F29%2F2016&enddate=11%2F30%2F2016&city=eunice&category=all&limit=all,St. Landry
Prairie Acadian Cultural Center,"Aug 06, 2016",http://www.cajuntravel.com/events.php?startdate=06%2F29%2F2016&enddate=11%2F30%2F2016&city=eunice&category=all&limit=all,St. Landry
Eunice Farmers' Market,"Aug 10, 2016",http://www.cajuntravel.com/events.php?startdate=06%2F29%2F2016&enddate=11%2F30%2F2016&city=eunice&category=all&limit=all,St. Landry
Cajun Music Jam at Rocky's,"Aug 10, 2016",http://www.cajuntravel.com/events.php?startdate=06%2F29%2F2016&enddate=11%2F30%2F2016&city=eunice&category=all&limit=all,St. Landry
Jam Session,"Aug 12, 2016",http://www.cajuntravel.com/events.php?startdate=06%2F29%2F2016&enddate=11%2F30%2F2016&city=eunice&category=all&limit=all,St. Landry
Rocky's Live Music,"Aug 12, 2016",http://www.cajuntravel.com/events.php?startdate=06%2F29%2F2016&enddate=11%2F30%2F2016&city=eunice&category=all&limit=all,St. Landry
Le Café Cajun,"Aug 12, 2016",http://www.cajuntravel.com/events.php?startdate=06%2F29%2F2016&enddate=11%2F30%2F2016&city=eunice&category=all&limit=all,St. Landry
Eunice Farmers' Market,"Aug 13, 2016",http://www.cajuntravel.com/events.php?startdate=06%2F29%2F2016&enddate=11%2F30%2F2016&city=eunice&category=all&limit=all,St. Landry
Rocky's Live Music,"Aug 13, 2016",http://www.cajuntravel.com/events.php?startdate=06%2F29%2F2016&enddate=11%2F30%2F2016&city=eunice&category=all&limit=all,St. Landry
Old Fashioned Fais-do-do Barn Dances,"Aug 13, 2016",http://www.cajuntravel.com/events.php?startdate=06%2F29%2F2016&enddate=11%2F30%2F2016&city=eunice&category=all&limit=all,St. Landry
Rendez-vous des Cajuns,"Aug 13, 2016",http://www.cajuntravel.com/events.php?startdate=06%2F29%2F2016&enddate=11%2F30%2F2016&city=eunice&category=all&limit=all,St. Landry
Cajun Jam Session,"Aug 13, 2016",http://www.cajuntravel.com/events.php?startdate=06%2F29%2F2016&enddate=11%2F30%2F2016&city=eunice&category=all&limit=all,St. Landry
Prairie Acadian Cultural Center,"Aug 13, 2016",http://www.cajuntravel.com/events.php?startdate=06%2F29%2F2016&enddate=11%2F30%2F2016&city=eunice&category=all&limit=all,St. Landry
Eunice Farmers' Market,"Aug 17, 2016",http://www.cajuntravel.com/events.php?startdate=06%2F29%2F2016&enddate=11%2F30%2F2016&city=eunice&category=all&limit=all,St. Landry
Cajun Music Jam at Rocky's,"Aug 17, 2016",http://www.cajuntravel.com/events.php?startdate=06%2F29%2F2016&enddate=11%2F30%2F2016&city=eunice&category=all&limit=all,St. Landry
Jam Session,"Aug 19, 2016",http://www.cajuntravel.com/events.php?startdate=06%2F29%2F2016&enddate=11%2F30%2F2016&city=eunice&category=all&limit=all,St. Landry
Rocky's Live Music,"Aug 19, 2016",http://www.cajuntravel.com/events.php?startdate=06%2F29%2F2016&enddate=11%2F30%2F2016&city=eunice&category=all&limit=all,St. Landry
Le Café Cajun,"Aug 19, 2016",http://www.cajuntravel.com/events.php?startdate=06%2F29%2F2016&enddate=11%2F30%2F2016&city=eunice&category=all&limit=all,St. Landry
Eunice Farmers' Market,"Aug 20, 2016",http://www.cajuntravel.com/events.php?startdate=06%2F29%2F2016&enddate=11%2F30%2F2016&city=eunice&category=all&limit=all,St. Landry
Rocky's Live Music,"Aug 20, 2016",http://www.cajuntravel.com/events.php?startdate=06%2F29%2F2016&enddate=11%2F30%2F2016&city=eunice&category=all&limit=all,St. Landry
Old Fashioned Fais-do-do Barn Dances,"Aug 20, 2016",http://www.cajuntravel.com/events.php?startdate=06%2F29%2F2016&enddate=11%2F30%2F2016&city=eunice&category=all&limit=all,St. Landry
Rendez-vous des Cajuns,"Aug 20, 2016",http://www.cajuntravel.com/events.php?startdate=06%2F29%2F2016&enddate=11%2F30%2F2016&city=eunice&category=all&limit=all,St. Landry
Cajun Jam Session,"Aug 20, 2016",http://www.cajuntravel.com/events.php?startdate=06%2F29%2F2016&enddate=11%2F30%2F2016&city=eunice&category=all&limit=all,St. Landry
Prairie Acadian Cultural Center,"Aug 20, 2016",http://www.cajuntravel.com/events.php?startdate=06%2F29%2F2016&enddate=11%2F30%2F2016&city=eunice&category=all&limit=all,St. Landry
Eunice Farmers' Market,"Aug 24, 2016",http://www.cajuntravel.com/events.php?startdate=06%2F29%2F2016&enddate=11%2F30%2F2016&city=eunice&category=all&limit=all,St. Landry
Cajun Music Jam at Rocky's,"Aug 24, 2016",http://www.cajuntravel.com/events.php?startdate=06%2F29%2F2016&enddate=11%2F30%2F2016&city=eunice&category=all&limit=all,St. Landry
Jam Session,"Aug 26, 2016",http://www.cajuntravel.com/events.php?startdate=06%2F29%2F2016&enddate=11%2F30%2F2016&city=eunice&category=all&limit=all,St. Landry
Rocky's Live Music,"Aug 26, 2016",http://www.cajuntravel.com/events.php?startdate=06%2F29%2F2016&enddate=11%2F30%2F2016&city=eunice&category=all&limit=all,St. Landry
Le Café Cajun,"Aug 26, 2016",http://www.cajuntravel.com/events.php?startdate=06%2F29%2F2016&enddate=11%2F30%2F2016&city=eunice&category=all&limit=all,St. Landry
Eunice Farmers' Market,"Aug 27, 2016",http://www.cajuntravel.com/events.php?startdate=06%2F29%2F2016&enddate=11%2F30%2F2016&city=eunice&category=all&limit=all,St. Landry
Rocky's Live Music,"Aug 27, 2016",http://www.cajuntravel.com/events.php?startdate=06%2F29%2F2016&enddate=11%2F30%2F2016&city=eunice&category=all&limit=all,St. Landry
Old Fashioned Fais-do-do Barn Dances,"Aug 27, 2016",http://www.cajuntravel.com/events.php?startdate=06%2F29%2F2016&enddate=11%2F30%2F2016&city=eunice&category=all&limit=all,St. Landry
Rendez-vous des Cajuns,"Aug 27, 2016",http://www.cajuntravel.com/events.php?startdate=06%2F29%2F2016&enddate=11%2F30%2F2016&city=eunice&category=all&limit=all,St. Landry
Cajun Jam Session,"Aug 27, 2016",http://www.cajuntravel.com/events.php?startdate=06%2F29%2F2016&enddate=11%2F30%2F2016&city=eunice&category=all&limit=all,St. Landry
Prairie Acadian Cultural Center,"Aug 27, 2016",http://www.cajuntravel.com/events.php?startdate=06%2F29%2F2016&enddate=11%2F30%2F2016&city=eunice&category=all&limit=all,St. Landry
Eunice Farmers' Market,"Aug 31, 2016",http://www.cajuntravel.com/events.php?startdate=06%2F29%2F2016&enddate=11%2F30%2F2016&city=eunice&category=all&limit=all,St. Landry
Cajun Music Jam at Rocky's,"Aug 31, 2016",http://www.cajuntravel.com/events.php?startdate=06%2F29%2F2016&enddate=11%2F30%2F2016&city=eunice&category=all&limit=all,St. Landry
Jam Session,"Sep 02, 2016",http://www.cajuntravel.com/events.php?startdate=06%2F29%2F2016&enddate=11%2F30%2F2016&city=eunice&category=all&limit=all,St. Landry
Rocky's Live Music,"Sep 02, 2016",http://www.cajuntravel.com/events.php?startdate=06%2F29%2F2016&enddate=11%2F30%2F2016&city=eunice&category=all&limit=all,St. Landry
Le Café Cajun,"Sep 02, 2016",http://www.cajuntravel.com/events.php?startdate=06%2F29%2F2016&enddate=11%2F30%2F2016&city=eunice&category=all&limit=all,St. Landry
Eunice Farmers' Market,"Sep 03, 2016",http://www.cajuntravel.com/events.php?startdate=06%2F29%2F2016&enddate=11%2F30%2F2016&city=eunice&category=all&limit=all,St. Landry
Rocky's Live Music,"Sep 03, 2016",http://www.cajuntravel.com/events.php?startdate=06%2F29%2F2016&enddate=11%2F30%2F2016&city=eunice&category=all&limit=all,St. Landry
Old Fashioned Fais-do-do Barn Dances,"Sep 03, 2016",http://www.cajuntravel.com/events.php?startdate=06%2F29%2F2016&enddate=11%2F30%2F2016&city=eunice&category=all&limit=all,St. Landry
Rendez-vous des Cajuns,"Sep 03, 2016",http://www.cajuntravel.com/events.php?startdate=06%2F29%2F2016&enddate=11%2F30%2F2016&city=eunice&category=all&limit=all,St. Landry
Cajun Jam Session,"Sep 03, 2016",http://www.cajuntravel.com/events.php?startdate=06%2F29%2F2016&enddate=11%2F30%2F2016&city=eunice&category=all&limit=all,St. Landry
Prairie Acadian Cultural Center,"Sep 03, 2016",http://www.cajuntravel.com/events.php?startdate=06%2F29%2F2016&enddate=11%2F30%2F2016&city=eunice&category=all&limit=all,St. Landry
Eunice Farmers' Market,"Sep 07, 2016",http://www.cajuntravel.com/events.php?startdate=06%2F29%2F2016&enddate=11%2F30%2F2016&city=eunice&category=all&limit=all,St. Landry
Cajun Music Jam at Rocky's,"Sep 07, 2016",http://www.cajuntravel.com/events.php?startdate=06%2F29%2F2016&enddate=11%2F30%2F2016&city=eunice&category=all&limit=all,St. Landry
Jam Session,"Sep 09, 2016",http://www.cajuntravel.com/events.php?startdate=06%2F29%2F2016&enddate=11%2F30%2F2016&city=eunice&category=all&limit=all,St. Landry
Rocky's Live Music,"Sep 09, 2016",http://www.cajuntravel.com/events.php?startdate=06%2F29%2F2016&enddate=11%2F30%2F2016&city=eunice&category=all&limit=all,St. Landry
Le Café Cajun,"Sep 09, 2016",http://www.cajuntravel.com/events.php?startdate=06%2F29%2F2016&enddate=11%2F30%2F2016&city=eunice&category=all&limit=all,St. Landry
Eunice Farmers' Market,"Sep 10, 2016",http://www.cajuntravel.com/events.php?startdate=06%2F29%2F2016&enddate=11%2F30%2F2016&city=eunice&category=all&limit=all,St. Landry
Rocky's Live Music,"Sep 10, 2016",http://www.cajuntravel.com/events.php?startdate=06%2F29%2F2016&enddate=11%2F30%2F2016&city=eunice&category=all&limit=all,St. Landry
Old Fashioned Fais-do-do Barn Dances,"Sep 10, 2016",http://www.cajuntravel.com/events.php?startdate=06%2F29%2F2016&enddate=11%2F30%2F2016&city=eunice&category=all&limit=all,St. Landry
Rendez-vous des Cajuns,"Sep 10, 2016",http://www.cajuntravel.com/events.php?startdate=06%2F29%2F2016&enddate=11%2F30%2F2016&city=eunice&category=all&limit=all,St. Landry
Cajun Jam Session,"Sep 10, 2016",http://www.cajuntravel.com/events.php?startdate=06%2F29%2F2016&enddate=11%2F30%2F2016&city=eunice&category=all&limit=all,St. Landry
Prairie Acadian Cultural Center,"Sep 10, 2016",http://www.cajuntravel.com/events.php?startdate=06%2F29%2F2016&enddate=11%2F30%2F2016&city=eunice&category=all&limit=all,St. Landry
Eunice Farmers' Market,"Sep 14, 2016",http://www.cajuntravel.com/events.php?startdate=06%2F29%2F2016&enddate=11%2F30%2F2016&city=eunice&category=all&limit=all,St. Landry
Cajun Music Jam at Rocky's,"Sep 14, 2016",http://www.cajuntravel.com/events.php?startdate=06%2F29%2F2016&enddate=11%2F30%2F2016&city=eunice&category=all&limit=all,St. Landry
Jam Session,"Sep 16, 2016",http://www.cajuntravel.com/events.php?startdate=06%2F29%2F2016&enddate=11%2F30%2F2016&city=eunice&category=all&limit=all,St. Landry
Rocky's Live Music,"Sep 16, 2016",http://www.cajuntravel.com/events.php?startdate=06%2F29%2F2016&enddate=11%2F30%2F2016&city=eunice&category=all&limit=all,St. Landry
Le Café Cajun,"Sep 16, 2016",http://www.cajuntravel.com/events.php?startdate=06%2F29%2F2016&enddate=11%2F30%2F2016&city=eunice&category=all&limit=all,St. Landry
Eunice Farmers' Market,"Sep 17, 2016",http://www.cajuntravel.com/events.php?startdate=06%2F29%2F2016&enddate=11%2F30%2F2016&city=eunice&category=all&limit=all,St. Landry
Rocky's Live Music,"Sep 17, 2016",http://www.cajuntravel.com/events.php?startdate=06%2F29%2F2016&enddate=11%2F30%2F2016&city=eunice&category=all&limit=all,St. Landry
Old Fashioned Fais-do-do Barn Dances,"Sep 17, 2016",http://www.cajuntravel.com/events.php?startdate=06%2F29%2F2016&enddate=11%2F30%2F2016&city=eunice&category=all&limit=all,St. Landry
Rendez-vous des Cajuns,"Sep 17, 2016",http://www.cajuntravel.com/events.php?startdate=06%2F29%2F2016&enddate=11%2F30%2F2016&city=eunice&category=all&limit=all,St. Landry
Cajun Jam Session,"Sep 17, 2016",http://www.cajuntravel.com/events.php?startdate=06%2F29%2F2016&enddate=11%2F30%2F2016&city=eunice&category=all&limit=all,St. Landry
Prairie Acadian Cultural Center,"Sep 17, 2016",http://www.cajuntravel.com/events.php?startdate=06%2F29%2F2016&enddate=11%2F30%2F2016&city=eunice&category=all&limit=all,St. Landry
Eunice Farmers' Market,"Sep 21, 2016",http://www.cajuntravel.com/events.php?startdate=06%2F29%2F2016&enddate=11%2F30%2F2016&city=eunice&category=all&limit=all,St. Landry
Cajun Music Jam at Rocky's,"Sep 21, 2016",http://www.cajuntravel.com/events.php?startdate=06%2F29%2F2016&enddate=11%2F30%2F2016&city=eunice&category=all&limit=all,St. Landry
Jam Session,"Sep 23, 2016",http://www.cajuntravel.com/events.php?startdate=06%2F29%2F2016&enddate=11%2F30%2F2016&city=eunice&category=all&limit=all,St. Landry
Rocky's Live Music,"Sep 23, 2016",http://www.cajuntravel.com/events.php?startdate=06%2F29%2F2016&enddate=11%2F30%2F2016&city=eunice&category=all&limit=all,St. Landry
Le Café Cajun,"Sep 23, 2016",http://www.cajuntravel.com/events.php?startdate=06%2F29%2F2016&enddate=11%2F30%2F2016&city=eunice&category=all&limit=all,St. Landry
Eunice Farmers' Market,"Sep 24, 2016",http://www.cajuntravel.com/events.php?startdate=06%2F29%2F2016&enddate=11%2F30%2F2016&city=eunice&category=all&limit=all,St. Landry
Rocky's Live Music,"Sep 24, 2016",http://www.cajuntravel.com/events.php?startdate=06%2F29%2F2016&enddate=11%2F30%2F2016&city=eunice&category=all&limit=all,St. Landry
Old Fashioned Fais-do-do Barn Dances,"Sep 24, 2016",http://www.cajuntravel.com/events.php?startdate=06%2F29%2F2016&enddate=11%2F30%2F2016&city=eunice&category=all&limit=all,St. Landry
Rendez-vous des Cajuns,"Sep 24, 2016",http://www.cajuntravel.com/events.php?startdate=06%2F29%2F2016&enddate=11%2F30%2F2016&city=eunice&category=all&limit=all,St. Landry
Cajun Jam Session,"Sep 24, 2016",http://www.cajuntravel.com/events.php?startdate=06%2F29%2F2016&enddate=11%2F30%2F2016&city=eunice&category=all&limit=all,St. Landry
Prairie Acadian Cultural Center,"Sep 24, 2016",http://www.cajuntravel.com/events.php?startdate=06%2F29%2F2016&enddate=11%2F30%2F2016&city=eunice&category=all&limit=all,St. Landry
Eunice Farmers' Market,"Sep 28, 2016",http://www.cajuntravel.com/events.php?startdate=06%2F29%2F2016&enddate=11%2F30%2F2016&city=eunice&category=all&limit=all,St. Landry
Cajun Music Jam at Rocky's,"Sep 28, 2016",http://www.cajuntravel.com/events.php?startdate=06%2F29%2F2016&enddate=11%2F30%2F2016&city=eunice&category=all&limit=all,St. Landry
Jam Session,"Sep 30, 2016",http://www.cajuntravel.com/events.php?startdate=06%2F29%2F2016&enddate=11%2F30%2F2016&city=eunice&category=all&limit=all,St. Landry
Rocky's Live Music,"Sep 30, 2016",http://www.cajuntravel.com/events.php?startdate=06%2F29%2F2016&enddate=11%2F30%2F2016&city=eunice&category=all&limit=all,St. Landry
Le Café Cajun,"Sep 30, 2016",http://www.cajuntravel.com/events.php?startdate=06%2F29%2F2016&enddate=11%2F30%2F2016&city=eunice&category=all&limit=all,St. Landry
Eunice Farmers' Market,"Oct 01, 2016",http://www.cajuntravel.com/events.php?startdate=06%2F29%2F2016&enddate=11%2F30%2F2016&city=eunice&category=all&limit=all,St. Landry
Rocky's Live Music,"Oct 01, 2016",http://www.cajuntravel.com/events.php?startdate=06%2F29%2F2016&enddate=11%2F30%2F2016&city=eunice&category=all&limit=all,St. Landry
Old Fashioned Fais-do-do Barn Dances,"Oct 01, 2016",http://www.cajuntravel.com/events.php?startdate=06%2F29%2F2016&enddate=11%2F30%2F2016&city=eunice&category=all&limit=all,St. Landry
Rendez-vous des Cajuns,"Oct 01, 2016",http://www.cajuntravel.com/events.php?startdate=06%2F29%2F2016&enddate=11%2F30%2F2016&city=eunice&category=all&limit=all,St. Landry
Cajun Jam Session,"Oct 01, 2016",http://www.cajuntravel.com/events.php?startdate=06%2F29%2F2016&enddate=11%2F30%2F2016&city=eunice&category=all&limit=all,St. Landry
Prairie Acadian Cultural Center,"Oct 01, 2016",http://www.cajuntravel.com/events.php?startdate=06%2F29%2F2016&enddate=11%2F30%2F2016&city=eunice&category=all&limit=all,St. Landry
Eunice Farmers' Market,"Oct 05, 2016",http://www.cajuntravel.com/events.php?startdate=06%2F29%2F2016&enddate=11%2F30%2F2016&city=eunice&category=all&limit=all,St. Landry
Cajun Music Jam at Rocky's,"Oct 05, 2016",http://www.cajuntravel.com/events.php?startdate=06%2F29%2F2016&enddate=11%2F30%2F2016&city=eunice&category=all&limit=all,St. Landry
Jam Session,"Oct 07, 2016",http://www.cajuntravel.com/events.php?startdate=06%2F29%2F2016&enddate=11%2F30%2F2016&city=eunice&category=all&limit=all,St. Landry
Rocky's Live Music,"Oct 07, 2016",http://www.cajuntravel.com/events.php?startdate=06%2F29%2F2016&enddate=11%2F30%2F2016&city=eunice&category=all&limit=all,St. Landry
Le Café Cajun,"Oct 07, 2016",http://www.cajuntravel.com/events.php?startdate=06%2F29%2F2016&enddate=11%2F30%2F2016&city=eunice&category=all&limit=all,St. Landry
Eunice Farmers' Market,"Oct 08, 2016",http://www.cajuntravel.com/events.php?startdate=06%2F29%2F2016&enddate=11%2F30%2F2016&city=eunice&category=all&limit=all,St. Landry
Rocky's Live Music,"Oct 08, 2016",http://www.cajuntravel.com/events.php?startdate=06%2F29%2F2016&enddate=11%2F30%2F2016&city=eunice&category=all&limit=all,St. Landry
Old Fashioned Fais-do-do Barn Dances,"Oct 08, 2016",http://www.cajuntravel.com/events.php?startdate=06%2F29%2F2016&enddate=11%2F30%2F2016&city=eunice&category=all&limit=all,St. Landry
Rendez-vous des Cajuns,"Oct 08, 2016",http://www.cajuntravel.com/events.php?startdate=06%2F29%2F2016&enddate=11%2F30%2F2016&city=eunice&category=all&limit=all,St. Landry
Cajun Jam Session,"Oct 08, 2016",http://www.cajuntravel.com/events.php?startdate=06%2F29%2F2016&enddate=11%2F30%2F2016&city=eunice&category=all&limit=all,St. Landry
Prairie Acadian Cultural Center,"Oct 08, 2016",http://www.cajuntravel.com/events.php?startdate=06%2F29%2F2016&enddate=11%2F30%2F2016&city=eunice&category=all&limit=all,St. Landry
Eunice Farmers' Market,"Oct 12, 2016",http://www.cajuntravel.com/events.php?startdate=06%2F29%2F2016&enddate=11%2F30%2F2016&city=eunice&category=all&limit=all,St. Landry
Cajun Music Jam at Rocky's,"Oct 12, 2016",http://www.cajuntravel.com/events.php?startdate=06%2F29%2F2016&enddate=11%2F30%2F2016&city=eunice&category=all&limit=all,St. Landry
Jam Session,"Oct 14, 2016",http://www.cajuntravel.com/events.php?startdate=06%2F29%2F2016&enddate=11%2F30%2F2016&city=eunice&category=all&limit=all,St. Landry
Rocky's Live Music,"Oct 14, 2016",http://www.cajuntravel.com/events.php?startdate=06%2F29%2F2016&enddate=11%2F30%2F2016&city=eunice&category=all&limit=all,St. Landry
Le Café Cajun,"Oct 14, 2016",http://www.cajuntravel.com/events.php?startdate=06%2F29%2F2016&enddate=11%2F30%2F2016&city=eunice&category=all&limit=all,St. Landry
Eunice Farmers' Market,"Oct 15, 2016",http://www.cajuntravel.com/events.php?startdate=06%2F29%2F2016&enddate=11%2F30%2F2016&city=eunice&category=all&limit=all,St. Landry
Rocky's Live Music,"Oct 15, 2016",http://www.cajuntravel.com/events.php?startdate=06%2F29%2F2016&enddate=11%2F30%2F2016&city=eunice&category=all&limit=all,St. Landry
Old Fashioned Fais-do-do Barn Dances,"Oct 15, 2016",http://www.cajuntravel.com/events.php?startdate=06%2F29%2F2016&enddate=11%2F30%2F2016&city=eunice&category=all&limit=all,St. Landry
Rendez-vous des Cajuns,"Oct 15, 2016",http://www.cajuntravel.com/events.php?startdate=06%2F29%2F2016&enddate=11%2F30%2F2016&city=eunice&category=all&limit=all,St. Landry
Cajun Jam Session,"Oct 15, 2016",http://www.cajuntravel.com/events.php?startdate=06%2F29%2F2016&enddate=11%2F30%2F2016&city=eunice&category=all&limit=all,St. Landry
Prairie Acadian Cultural Center,"Oct 15, 2016",http://www.cajuntravel.com/events.php?startdate=06%2F29%2F2016&enddate=11%2F30%2F2016&city=eunice&category=all&limit=all,St. Landry
Eunice Farmers' Market,"Oct 19, 2016",http://www.cajuntravel.com/events.php?startdate=06%2F29%2F2016&enddate=11%2F30%2F2016&city=eunice&category=all&limit=all,St. Landry
Cajun Music Jam at Rocky's,"Oct 19, 2016",http://www.cajuntravel.com/events.php?startdate=06%2F29%2F2016&enddate=11%2F30%2F2016&city=eunice&category=all&limit=all,St. Landry
Jam Session,"Oct 21, 2016",http://www.cajuntravel.com/events.php?startdate=06%2F29%2F2016&enddate=11%2F30%2F2016&city=eunice&category=all&limit=all,St. Landry
Rocky's Live Music,"Oct 21, 2016",http://www.cajuntravel.com/events.php?startdate=06%2F29%2F2016&enddate=11%2F30%2F2016&city=eunice&category=all&limit=all,St. Landry
Le Café Cajun,"Oct 21, 2016",http://www.cajuntravel.com/events.php?startdate=06%2F29%2F2016&enddate=11%2F30%2F2016&city=eunice&category=all&limit=all,St. Landry
2nd Annual Experience Louisiana Festival,"Oct 22, 2016 - Oct 23, 2016",http://www.cajuntravel.com/events.php?startdate=06%2F29%2F2016&enddate=11%2F30%2F2016&city=eunice&category=all&limit=all,St. Landry
Eunice Farmers' Market,"Oct 22, 2016",http://www.cajuntravel.com/events.php?startdate=06%2F29%2F2016&enddate=11%2F30%2F2016&city=eunice&category=all&limit=all,St. Landry
Rocky's Live Music,"Oct 22, 2016",http://www.cajuntravel.com/events.php?startdate=06%2F29%2F2016&enddate=11%2F30%2F2016&city=eunice&category=all&limit=all,St. Landry
Old Fashioned Fais-do-do Barn Dances,"Oct 22, 2016",http://www.cajuntravel.com/events.php?startdate=06%2F29%2F2016&enddate=11%2F30%2F2016&city=eunice&category=all&limit=all,St. Landry
Rendez-vous des Cajuns,"Oct 22, 2016",http://www.cajuntravel.com/events.php?startdate=06%2F29%2F2016&enddate=11%2F30%2F2016&city=eunice&category=all&limit=all,St. Landry
Cajun Jam Session,"Oct 22, 2016",http://www.cajuntravel.com/events.php?startdate=06%2F29%2F2016&enddate=11%2F30%2F2016&city=eunice&category=all&limit=all,St. Landry
Prairie Acadian Cultural Center,"Oct 22, 2016",http://www.cajuntravel.com/events.php?startdate=06%2F29%2F2016&enddate=11%2F30%2F2016&city=eunice&category=all&limit=all,St. Landry
Blackpot Camp,"Oct 23, 2016 - Oct 28, 2016",http://www.cajuntravel.com/events.php?startdate=06%2F29%2F2016&enddate=11%2F30%2F2016&city=eunice&category=all&limit=all,St. Landry
Eunice Farmers' Market,"Oct 26, 2016",http://www.cajuntravel.com/events.php?startdate=06%2F29%2F2016&enddate=11%2F30%2F2016&city=eunice&category=all&limit=all,St. Landry
Cajun Music Jam at Rocky's,"Oct 26, 2016",http://www.cajuntravel.com/events.php?startdate=06%2F29%2F2016&enddate=11%2F30%2F2016&city=eunice&category=all&limit=all,St. Landry
Jam Session,"Oct 28, 2016",http://www.cajuntravel.com/events.php?startdate=06%2F29%2F2016&enddate=11%2F30%2F2016&city=eunice&category=all&limit=all,St. Landry
Rocky's Live Music,"Oct 28, 2016",http://www.cajuntravel.com/events.php?startdate=06%2F29%2F2016&enddate=11%2F30%2F2016&city=eunice&category=all&limit=all,St. Landry
Le Café Cajun,"Oct 28, 2016",http://www.cajuntravel.com/events.php?startdate=06%2F29%2F2016&enddate=11%2F30%2F2016&city=eunice&category=all&limit=all,St. Landry
Eunice Farmers' Market,"Oct 29, 2016",http://www.cajuntravel.com/events.php?startdate=06%2F29%2F2016&enddate=11%2F30%2F2016&city=eunice&category=all&limit=all,St. Landry
Rocky's Live Music,"Oct 29, 2016",http://www.cajuntravel.com/events.php?startdate=06%2F29%2F2016&enddate=11%2F30%2F2016&city=eunice&category=all&limit=all,St. Landry
Old Fashioned Fais-do-do Barn Dances,"Oct 29, 2016",http://www.cajuntravel.com/events.php?startdate=06%2F29%2F2016&enddate=11%2F30%2F2016&city=eunice&category=all&limit=all,St. Landry
Rendez-vous des Cajuns,"Oct 29, 2016",http://www.cajuntravel.com/events.php?startdate=06%2F29%2F2016&enddate=11%2F30%2F2016&city=eunice&category=all&limit=all,St. Landry
Cajun Jam Session,"Oct 29, 2016",http://www.cajuntravel.com/events.php?startdate=06%2F29%2F2016&enddate=11%2F30%2F2016&city=eunice&category=all&limit=all,St. Landry
Prairie Acadian Cultural Center,"Oct 29, 2016",http://www.cajuntravel.com/events.php?startdate=06%2F29%2F2016&enddate=11%2F30%2F2016&city=eunice&category=all&limit=all,St. Landry
Eunice Farmers' Market,"Nov 02, 2016",http://www.cajuntravel.com/events.php?startdate=06%2F29%2F2016&enddate=11%2F30%2F2016&city=eunice&category=all&limit=all,St. Landry
Cajun Music Jam at Rocky's,"Nov 02, 2016",http://www.cajuntravel.com/events.php?startdate=06%2F29%2F2016&enddate=11%2F30%2F2016&city=eunice&category=all&limit=all,St. Landry
Jam Session,"Nov 04, 2016",http://www.cajuntravel.com/events.php?startdate=06%2F29%2F2016&enddate=11%2F30%2F2016&city=eunice&category=all&limit=all,St. Landry
Rocky's Live Music,"Nov 04, 2016",http://www.cajuntravel.com/events.php?startdate=06%2F29%2F2016&enddate=11%2F30%2F2016&city=eunice&category=all&limit=all,St. Landry
Le Café Cajun,"Nov 04, 2016",http://www.cajuntravel.com/events.php?startdate=06%2F29%2F2016&enddate=11%2F30%2F2016&city=eunice&category=all&limit=all,St. Landry
Eunice Farmers' Market,"Nov 05, 2016",http://www.cajuntravel.com/events.php?startdate=06%2F29%2F2016&enddate=11%2F30%2F2016&city=eunice&category=all&limit=all,St. Landry
Rocky's Live Music,"Nov 05, 2016",http://www.cajuntravel.com/events.php?startdate=06%2F29%2F2016&enddate=11%2F30%2F2016&city=eunice&category=all&limit=all,St. Landry
Old Fashioned Fais-do-do Barn Dances,"Nov 05, 2016",http://www.cajuntravel.com/events.php?startdate=06%2F29%2F2016&enddate=11%2F30%2F2016&city=eunice&category=all&limit=all,St. Landry
Rendez-vous des Cajuns,"Nov 05, 2016",http://www.cajuntravel.com/events.php?startdate=06%2F29%2F2016&enddate=11%2F30%2F2016&city=eunice&category=all&limit=all,St. Landry
Cajun Jam Session,"Nov 05, 2016",http://www.cajuntravel.com/events.php?startdate=06%2F29%2F2016&enddate=11%2F30%2F2016&city=eunice&category=all&limit=all,St. Landry
Prairie Acadian Cultural Center,"Nov 05, 2016",http://www.cajuntravel.com/events.php?startdate=06%2F29%2F2016&enddate=11%2F30%2F2016&city=eunice&category=all&limit=all,St. Landry
Eunice Farmers' Market,"Nov 09, 2016",http://www.cajuntravel.com/events.php?startdate=06%2F29%2F2016&enddate=11%2F30%2F2016&city=eunice&category=all&limit=all,St. Landry
Cajun Music Jam at Rocky's,"Nov 09, 2016",http://www.cajuntravel.com/events.php?startdate=06%2F29%2F2016&enddate=11%2F30%2F2016&city=eunice&category=all&limit=all,St. Landry
Jam Session,"Nov 11, 2016",http://www.cajuntravel.com/events.php?startdate=06%2F29%2F2016&enddate=11%2F30%2F2016&city=eunice&category=all&limit=all,St. Landry
Rocky's Live Music,"Nov 11, 2016",http://www.cajuntravel.com/events.php?startdate=06%2F29%2F2016&enddate=11%2F30%2F2016&city=eunice&category=all&limit=all,St. Landry
Le Café Cajun,"Nov 11, 2016",http://www.cajuntravel.com/events.php?startdate=06%2F29%2F2016&enddate=11%2F30%2F2016&city=eunice&category=all&limit=all,St. Landry
Eunice Farmers' Market,"Nov 12, 2016",http://www.cajuntravel.com/events.php?startdate=06%2F29%2F2016&enddate=11%2F30%2F2016&city=eunice&category=all&limit=all,St. Landry
Rocky's Live Music,"Nov 12, 2016",http://www.cajuntravel.com/events.php?startdate=06%2F29%2F2016&enddate=11%2F30%2F2016&city=eunice&category=all&limit=all,St. Landry
Old Fashioned Fais-do-do Barn Dances,"Nov 12, 2016",http://www.cajuntravel.com/events.php?startdate=06%2F29%2F2016&enddate=11%2F30%2F2016&city=eunice&category=all&limit=all,St. Landry
Rendez-vous des Cajuns,"Nov 12, 2016",http://www.cajuntravel.com/events.php?startdate=06%2F29%2F2016&enddate=11%2F30%2F2016&city=eunice&category=all&limit=all,St. Landry
Cajun Jam Session,"Nov 12, 2016",http://www.cajuntravel.com/events.php?startdate=06%2F29%2F2016&enddate=11%2F30%2F2016&city=eunice&category=all&limit=all,St. Landry
Prairie Acadian Cultural Center,"Nov 12, 2016",http://www.cajuntravel.com/events.php?startdate=06%2F29%2F2016&enddate=11%2F30%2F2016&city=eunice&category=all&limit=all,St. Landry
Eunice Farmers' Market,"Nov 16, 2016",http://www.cajuntravel.com/events.php?startdate=06%2F29%2F2016&enddate=11%2F30%2F2016&city=eunice&category=all&limit=all,St. Landry
Cajun Music Jam at Rocky's,"Nov 16, 2016",http://www.cajuntravel.com/events.php?startdate=06%2F29%2F2016&enddate=11%2F30%2F2016&city=eunice&category=all&limit=all,St. Landry
Jam Session,"Nov 18, 2016",http://www.cajuntravel.com/events.php?startdate=06%2F29%2F2016&enddate=11%2F30%2F2016&city=eunice&category=all&limit=all,St. Landry
Rocky's Live Music,"Nov 18, 2016",http://www.cajuntravel.com/events.php?startdate=06%2F29%2F2016&enddate=11%2F30%2F2016&city=eunice&category=all&limit=all,St. Landry
Le Café Cajun,"Nov 18, 2016",http://www.cajuntravel.com/events.php?startdate=06%2F29%2F2016&enddate=11%2F30%2F2016&city=eunice&category=all&limit=all,St. Landry
Eunice Farmers' Market,"Nov 19, 2016",http://www.cajuntravel.com/events.php?startdate=06%2F29%2F2016&enddate=11%2F30%2F2016&city=eunice&category=all&limit=all,St. Landry
Rocky's Live Music,"Nov 19, 2016",http://www.cajuntravel.com/events.php?startdate=06%2F29%2F2016&enddate=11%2F30%2F2016&city=eunice&category=all&limit=all,St. Landry
Old Fashioned Fais-do-do Barn Dances,"Nov 19, 2016",http://www.cajuntravel.com/events.php?startdate=06%2F29%2F2016&enddate=11%2F30%2F2016&city=eunice&category=all&limit=all,St. Landry
Rendez-vous des Cajuns,"Nov 19, 2016",http://www.cajuntravel.com/events.php?startdate=06%2F29%2F2016&enddate=11%2F30%2F2016&city=eunice&category=all&limit=all,St. Landry
Cajun Jam Session,"Nov 19, 2016",http://www.cajuntravel.com/events.php?startdate=06%2F29%2F2016&enddate=11%2F30%2F2016&city=eunice&category=all&limit=all,St. Landry
Prairie Acadian Cultural Center,"Nov 19, 2016",http://www.cajuntravel.com/events.php?startdate=06%2F29%2F2016&enddate=11%2F30%2F2016&city=eunice&category=all&limit=all,St. Landry
Eunice Farmers' Market,"Nov 23, 2016",http://www.cajuntravel.com/events.php?startdate=06%2F29%2F2016&enddate=11%2F30%2F2016&city=eunice&category=all&limit=all,St. Landry
Cajun Music Jam at Rocky's,"Nov 23, 2016",http://www.cajuntravel.com/events.php?startdate=06%2F29%2F2016&enddate=11%2F30%2F2016&city=eunice&category=all&limit=all,St. Landry
Jam Session,"Nov 25, 2016",http://www.cajuntravel.com/events.php?startdate=06%2F29%2F2016&enddate=11%2F30%2F2016&city=eunice&category=all&limit=all,St. Landry
Rocky's Live Music,"Nov 25, 2016",http://www.cajuntravel.com/events.php?startdate=06%2F29%2F2016&enddate=11%2F30%2F2016&city=eunice&category=all&limit=all,St. Landry
Le Café Cajun,"Nov 25, 2016",http://www.cajuntravel.com/events.php?startdate=06%2F29%2F2016&enddate=11%2F30%2F2016&city=eunice&category=all&limit=all,St. Landry
Eunice Farmers' Market,"Nov 26, 2016",http://www.cajuntravel.com/events.php?startdate=06%2F29%2F2016&enddate=11%2F30%2F2016&city=eunice&category=all&limit=all,St. Landry
Rocky's Live Music,"Nov 26, 2016",http://www.cajuntravel.com/events.php?startdate=06%2F29%2F2016&enddate=11%2F30%2F2016&city=eunice&category=all&limit=all,St. Landry
Old Fashioned Fais-do-do Barn Dances,"Nov 26, 2016",http://www.cajuntravel.com/events.php?startdate=06%2F29%2F2016&enddate=11%2F30%2F2016&city=eunice&category=all&limit=all,St. Landry
Rendez-vous des Cajuns,"Nov 26, 2016",http://www.cajuntravel.com/events.php?startdate=06%2F29%2F2016&enddate=11%2F30%2F2016&city=eunice&category=all&limit=all,St. Landry
Cajun Jam Session,"Nov 26, 2016",http://www.cajuntravel.com/events.php?startdate=06%2F29%2F2016&enddate=11%2F30%2F2016&city=eunice&category=all&limit=all,St. Landry
Eunice Farmers' Market,"Nov 30, 2016",http://www.cajuntravel.com/events.php?startdate=06%2F29%2F2016&enddate=11%2F30%2F2016&city=eunice&category=all&limit=all,St. Landry
Cajun Music Jam at Rocky's,"Nov 30, 2016",http://www.cajuntravel.com/events.php?startdate=06%2F29%2F2016&enddate=11%2F30%2F2016&city=eunice&category=all&limit=all,St. Landry
"
		2nd Annual Red River Car Show	","
			July 15 @ 5:00 pm - July 16 @ 5:00 pm		",http://redriverparish.org/chamberevents/list/,Red River
Painting in the Park,07-16-16,http://www.toledobendlakecountry.com/event/painting-park,Sabine
Sportsman Bass Club,07-16-16,http://www.toledobendlakecountry.com/event/sportsman-bass-club-4,Sabine
2016 Fish for the Wish Big Bass Challenge,07-18-16,http://www.toledobendlakecountry.com/event/2016-fish-wish-big-bass-challenge,Sabine
Media Bass Tournament,07-23-16 to 07-24-16,http://www.toledobendlakecountry.com/event/media-bass-tournament-1,Sabine
Sportsman Bass Club,07-25-16,http://www.toledobendlakecountry.com/event/sportsman-bass-club-5,Sabine
Bass-N-Bucks,07-30-16,http://www.toledobendlakecountry.com/event/bass-n-bucks-6,Sabine
B and B Outdoors Open Shoot Out,07-30-16,http://www.toledobendlakecountry.com/event/b-and-b-outdoors-open-shoot-out-1,Sabine
B and B Outdoors Open Shoot Out,08-13-16,http://www.toledobendlakecountry.com/event/b-and-b-outdoors-open-shoot-out-2,Sabine
Sportsman Bass Club,08-20-16,http://www.toledobendlakecountry.com/event/sportsman-bass-club-6,Sabine
Bass-N-Bucks,08-20-16,http://www.toledobendlakecountry.com/event/bass-n-bucks-4,Sabine
St. Jude's Fall Fest,09-09-16 to 09-10-16,http://www.toledobendlakecountry.com/event/st-judes-fall-fest,Sabine
Triton Boat Owners Tournament,09-09-16 to 09-10-16,http://www.toledobendlakecountry.com/event/triton-boat-owners-tournament,Sabine
B and B Outdoors Open Shoot Out,09-10-16,http://www.toledobendlakecountry.com/event/b-and-b-outdoors-open-shoot-out-3,Sabine
Sportsman Bass Club,09-17-16,http://www.toledobendlakecountry.com/event/sportsman-bass-club-7,Sabine
Bass-N-Bucks,09-17-16,http://www.toledobendlakecountry.com/event/bass-n-bucks-5,Sabine
Elliot Electric Tournament,09-17-16 to 09-18-16,http://www.toledobendlakecountry.com/event/elliot-electric-tournament,Sabine
American Bass Anglers Championship,09-23-16 to 09-24-16,http://www.toledobendlakecountry.com/event/american-bass-anglers-championship,Sabine
Louisiana Bass Nation High School,09-23-16 to 09-24-16,http://www.toledobendlakecountry.com/event/louisiana-bass-nation-high-school,Sabine
Media Bass Championship,10-01-16 to 10-02-16,http://www.toledobendlakecountry.com/event/media-bass-championship,Sabine
B and B Outdoors Open Shoot Out,10-08-16,http://www.toledobendlakecountry.com/event/b-and-b-outdoors-open-shoot-out-4,Sabine
Sportsman Bass Club,10-15-16,http://www.toledobendlakecountry.com/event/sportsman-bass-club-8,Sabine
